,Scaled_deg_tag_protein,Scaled_no_deg_tag_protein,Time_model
0,0.0,0.0,0.0
1,4.917393996468211e-06,1.3759682348533474e-05,1.001001001001001
2,5.162034070212939e-05,0.00014574736491582886,2.002002002002002
3,0.00018062680868250982,0.0005129799378704453,3.0030030030030033
4,0.0004134206775128258,0.0011792524377764488,4.004004004004004
5,0.0007580827489096367,0.002170561511991319,5.005005005005005
6,0.0012149718991858501,0.0034915012582931223,6.0060060060060065
7,0.0017801822177763514,0.005135171277156547,7.007007007007008
8,0.0024475638401697357,0.00708878910171968,8.008008008008009
9,0.0032099035367858454,0.009336830756035301,9.00900900900901
10,0.004059612314657623,0.01186277590926151,10.01001001001001
11,0.004989121164157414,0.014650065489193575,11.011011011011012
12,0.005991103716226842,0.017682614794311786,12.012012012012013
13,0.007058596436597271,0.02094507484159763,13.013013013013014
14,0.008185057144181326,0.024422953601759282,14.014014014014016
15,0.009364389021331547,0.0281026576782292,15.015015015015017
16,0.010590942506767138,0.03197149056048973,16.016016016016017
17,0.011859505461753142,0.036017627421042905,17.017017017017018
18,0.013165286343595409,0.040230078068782926,18.01801801801802
19,0.014503893901143997,0.044598644472656775,19.01901901901902
20,0.01587131495448657,0.04911387632186663,20.02002002002002
21,0.017263891607482252,0.05376702700566377,21.021021021021024
22,0.018678298659362085,0.058550010601966004,22.022022022022025
23,0.020111521373042153,0.06345536095321365,23.023023023023026
24,0.02156083434676237,0.06847619305779924,24.024024024024026
25,0.023023781071400927,0.07360616607876687,25.025025025025027
26,0.024498154125699056,0.07883944894982668,26.026026026026027
27,0.025981977056578346,0.0841706886259651,27.027027027027028
28,0.027473487395568912,0.08959497872029897,28.028028028028032
29,0.02897111988823889,0.09510783083352908,29.029029029029033
30,0.03047349171070554,0.10070515010214742,30.030030030030034
31,0.03197938780133205,0.1063832090275266,31.031031031031034
32,0.03348774774134522,0.11213862394098416,32.032032032032035
33,0.03499765368082878,0.11796833385822249,33.033033033033036
34,0.03650831759981792,0.1238695801048484,34.034034034034036
35,0.038019071412300834,0.12983988717629502,35.03503503503504
36,0.039529357308491046,0.13587704514603613,36.03603603603604
37,0.04103871804392648,0.14197909308505777,37.03703703703704
38,0.04254678817060202,0.14814430355357855,38.03803803803804
39,0.04405328618257818,0.1543711680017373,39.03903903903904
40,0.04555800739277001,0.1606583834881051,40.04004004004004
41,0.047060817078170974,0.16700484032051668,41.04104104104105
42,0.0485616442589704,0.17340961017614792,42.04204204204205
43,0.05006047573501419,0.17987193441304164,43.04304304304305
44,0.051557351014095296,0.18639121467858985,44.04404404404405
45,0.0530523571385784,0.19296700276560685,45.04504504504505
46,0.05454562470382446,0.19959899209885082,46.04604604604605
47,0.056037322959588305,0.20628700919436507,47.04704704704705
48,0.05752765728013478,0.21303100569141856,48.04804804804805
49,0.059016863502874974,0.21983105154888355,49.04904904904905
50,0.06050520824184527,0.22668732849725523,50.050050050050054
51,0.06199298334540972,0.2336001233343393,51.051051051051054
52,0.06348050059147216,0.24056982197758567,52.052052052052055
53,0.06496809825645404,0.2475969041842709,53.053053053053056
54,0.06645612967930739,0.25468193906308323,54.054054054054056
55,0.06794496539385832,0.2618255790149906,55.05505505505506
56,0.06943499066600076,0.26902855568218703,56.056056056056065
57,0.07092660485613354,0.27629167665618853,57.057057057057065
58,0.07242021905100658,0.28361582186429696,58.058058058058066
59,0.07391625386569307,0.291001939754571,59.05905905905907
60,0.07541514149924937,0.2984510437277496,60.06006006006007
61,0.07691731969818244,0.30596420907361344,61.06106106106107
62,0.07842323373449676,0.31354257034571753,62.06206206206207
63,0.07993334034128763,0.321187318958763,63.06306306306307
64,0.08144809592911846,0.3288997007139954,64.06406406406407
65,0.08296796350696804,0.3366810135836948,65.06506506506507
66,0.08449341310687782,0.3445326056563262,66.06606606606607
67,0.0860249174107757,0.352455873308324,67.06706706706707
68,0.08756295335916921,0.3604522593837652,68.06806806806807
69,0.0891080012945881,0.36852325182906154,69.06906906906907
70,0.09066054473755913,0.3766703821487358,70.07007007007007
71,0.09222107024495294,0.3848952241096794,71.07107107107107
72,0.09379006726840594,0.3931993924753642,72.07207207207207
73,0.09536802804687697,0.4015845419995081,73.07307307307308
74,0.09695544755057256,0.4100523664100595,74.07407407407408
75,0.09855282343441905,0.41860459758366364,75.07507507507508
76,0.10016065607544546,0.4272430045151238,76.07607607607608
77,0.10177944861264883,0.4359693928917371,77.07707707707708
78,0.10340970691504273,0.44478560425311686,78.07807807807808
79,0.1050519400452387,0.4536935154489651,79.07907907907908
80,0.10670666065150426,0.4626950383305214,80.08008008008008
81,0.10837438301082009,0.4717921190327865,81.0810810810811
82,0.11005562627943521,0.4809867377911259,82.0820820820821
83,0.1117509139575223,0.49028090861438944,83.0830830830831
84,0.11346077224680587,0.499676678819287,84.0840840840841
85,0.11518573199540305,0.5091761290733043,85.0850850850851
86,0.11692632847293001,0.5187813730903145,86.0860860860861
87,0.1186831019918866,0.5284945575671022,87.0870870870871
88,0.12045659797237047,0.5383178622817298,88.0880880880881
89,0.12224736725332576,0.5482534998879233,89.0890890890891
90,0.12405596646123254,0.5583037148232473,90.0900900900901
91,0.12588295852119757,0.5684707836642213,91.0910910910911
92,0.12772891288731442,0.5787570178078211,92.0920920920921
93,0.1295944060425487,0.5891647616747985,93.0930930930931
94,0.13148002169016926,0.5996963913981619,94.0940940940941
95,0.13338635162368176,0.6103543165108514,95.0950950950951
96,0.13531399561843402,0.6211409799597717,96.0960960960961
97,0.13726356221993302,0.6320588580146294,97.0970970970971
98,0.13923566913782037,0.6431104605974541,98.0980980980981
99,0.1412309435912675,0.6542983311413884,99.0990990990991
100,0.14325002292511704,0.665625047279286,100.10010010010011
101,0.1452935551519769,0.6770932208938051,101.10110110110111
102,0.1473621991187823,0.6887054980273253,102.10210210210211
103,0.1494566254882934,0.7004645594720642,103.10310310310311
104,0.15157751677244036,0.7123731209480293,104.10410410410411
105,0.15372556829435877,0.7244339332831313,105.10510510510511
106,0.1559014884573301,0.7366497826960067,106.10610610610611
107,0.15810599933661462,0.7490234910514648,107.10710710710711
108,0.16033983730105753,0.7615579161325329,108.10810810810811
109,0.1626037535292083,0.774255951890157,109.10910910910911
110,0.16489851461145055,0.7871205287091557,110.11011011011011
111,0.16722490313218027,0.8001546136757915,111.11111111111111
112,0.16958371826020682,0.8133612108157852,112.11211211211213
113,0.17197577636184908,0.8267433613533528,113.11311311311313
114,0.17440191171291605,0.8403041439594259,114.11411411411413
115,0.17686297655516922,0.8540466749819025,115.11511511511513
116,0.17935984299642818,0.867974108677987,116.11611611611613
117,0.18189340212933405,0.8820896374327709,117.11711711711713
118,0.18446456567752675,0.8963964919634357,118.11811811811813
119,0.18707426632496071,0.9108979415142626,119.11911911911913
120,0.18972345852257166,0.9255972940364537,120.12012012012013
121,0.1924131190884897,0.9404978963524324,121.12112112112113
122,0.19514424760813556,0.955603134326336,122.12212212212214
123,0.1979178676288924,0.9709164328785699,123.12312312312314
124,0.20073502700369247,0.9864412562932915,124.12412412412414
125,0.20359679873037065,1.0021811081272787,125.12512512512514
126,0.20650428164291038,1.018139531351086,126.12612612612614
127,0.20945860108899242,1.0343201083697036,127.12712712712714
128,0.21246090972442766,1.0507264610342697,128.12812812812814
129,0.21551238803554534,1.0673622507483336,129.12912912912915
130,0.21861424536646315,1.0842311778967324,130.13013013013014
131,0.22176772045204704,1.1013369826196293,131.13113113113116
132,0.2249740822045577,1.1186834440373505,132.13213213213214
133,0.2282346304478132,1.1362743803416362,133.13313313313316
134,0.23155069665980343,1.154113648578868,134.13413413413414
135,0.23492364471137428,1.1722051444281203,135.13513513513516
136,0.23835487160559732,1.1905528019372758,136.13613613613614
137,0.24184580821694868,1.2091605932163407,137.13713713713716
138,0.2453979200280468,1.2280325280872466,138.13813813813815
139,0.24901270786131552,1.2471726536866479,139.13913913913916
140,0.25269170860921863,1.266585054020912,140.14014014014015
141,0.2564364959564633,1.28627384947093,141.14114114114116
142,0.26024868109596233,1.3062431962446905,142.14214214214215
143,0.2641299134337761,1.3264972857750275,143.14314314314316
144,0.2680818812710269,1.3470403440553929,144.14414414414415
145,0.27210631249632405,1.3678766309181085,145.14514514514516
146,0.27620497527457155,1.389010439264234,146.14614614614615
147,0.28037967870154584,1.4104460942284631,147.14714714714717
148,0.2846322734462548,1.4321879522784746,148.14814814814815
149,0.28896465237481583,1.454240400247527,149.14914914914917
150,0.29337875115374,1.476607854299062,150.15015015015015
151,0.2978765488306844,1.4992947588203909,151.15115115115117
152,0.30246006839154543,1.522305585244059,152.15215215215215
153,0.30713137728487905,1.5456448307954633,153.15315315315317
154,0.3118925879270138,1.5693170171632365,154.15415415415416
155,0.31674585816576367,1.5933266890923128,155.15515515515517
156,0.32169339171697015,1.6176784128972026,156.15615615615616
157,0.3267374385561102,1.6423767748926115,157.15715715715717
158,0.33188029528144963,1.6674263797439262,158.15815815815816
159,0.33712430542308464,1.692831848722969,159.15915915915917
160,0.34247185971381416,1.7185978178820507,160.16016016016016
161,0.34792539630988406,1.7447289361577778,161.16116116116117
162,0.353487400961368,1.771229863351084,162.1621621621622
163,0.359160407125907,1.7981052680386373,163.16316316316318
164,0.36494699602623804,1.8253598253955161,164.1641641641642
165,0.370849796651415,1.8529982149036428,165.16516516516518
166,0.3768714857724376,1.8810251179810575,166.1661661661662
167,0.3830147874419051,1.9094452154977506,167.16716716716718
168,0.38928247335855104,1.938263185222329,168.1681681681682
169,0.3956773621926835,1.9674836991476963,169.16916916916918
170,0.40220231934653494,1.997111420740143,170.1701701701702
171,0.408860256500193,2.02715100209482,171.17117117117118
172,0.4156541310870272,2.057607080966756,172.1721721721722
173,0.4225869457134803,2.088484277654849,173.17317317317318
174,0.4296617474019477,2.1197871918539564,174.1741741741742
175,0.4368816268659321,2.151520399509677,175.17517517517518
176,0.4442497175712235,2.183688449359503,176.1761761761762
177,0.451769194708966,2.2162958595109137,177.17717717717719
178,0.4594432742107954,2.2493471139077945,178.1781781781782
179,0.46727521148686874,2.282846658675759,179.1791791791792
180,0.47526830000827963,2.316798898303699,180.1801801801802
181,0.4834258699400319,2.351208191131342,181.1811811811812
182,0.4917512869018497,2.3860788473455936,182.1821821821822
183,0.5002479497134381,2.42141512453184,183.1831831831832
184,0.5089192888522461,2.4572212234183417,184.1841841841842
185,0.5177687654404042,2.4935012795459177,185.1851851851852
186,0.5267998669737481,2.530259383276442,186.1861861861862
187,0.5360161077501685,2.56749949571766,187.1871871871872
188,0.5454210248317687,2.605225573180516,188.1881881881882
189,0.5550181763845567,2.643441454293591,189.1891891891892
190,0.5648111388674468,2.6821509073988095,190.1901901901902
191,0.5748035044829665,2.7213576083958384,191.1911911911912
192,0.5849988782635007,2.7610651411253433,192.1921921921922
193,0.5954008752347416,2.8012769918571334,193.19319319319322
194,0.606013117171436,2.8419965446704514,194.1941941941942
195,0.6168392295643613,2.883227076619496,195.19519519519523
196,0.6278828380900046,2.9249717528178274,196.1961961961962
197,0.6391475652718679,2.967233621709883,197.19719719719723
198,0.6506370267061431,3.010015610128474,198.1981981981982
199,0.6623548276986178,3.0533205183737793,199.19919919919923
200,0.6743045588718865,3.0971510153145285,200.20020020020021
201,0.6864897925172413,3.1415096334782766,201.20120120120123
202,0.6989140783274969,3.1863987639877585,202.20220220220222
203,0.7115809390947571,3.231820651679211,203.20320320320323
204,0.7244938662208426,3.2777773900049163,204.20420420420422
205,0.7376563149810569,3.3242709158912147,205.20520520520523
206,0.7510716993765505,3.3713030042559557,206.20620620620622
207,0.7647433861582383,3.418875261721128,207.20720720720723
208,0.778674686589423,3.4669891171908516,208.20820820820822
209,0.7928688387833818,3.5156457801316146,209.20920920920923
210,0.8073288646897353,3.5648385585384523,210.21021021021022
211,0.8220229505524109,3.614524190376173,211.21121121121124
212,0.8368461725693861,3.664631155265872,212.21221221221222
213,0.8516988111571273,3.7150680540645507,213.21321321321324
214,0.8664703938666916,3.7657274130795377,214.21421421421422
215,0.8810419361913038,3.8164893576827814,215.21521521521524
216,0.8952888128182169,3.8672251320689655,216.21621621621622
217,0.9090835973017614,3.9178004820611827,217.21721721721724
218,0.9222988461404683,3.9680788566058034,218.21821821821823
219,0.9348097821754078,4.017924406412077,219.21921921921924
220,0.9464968625364795,4.06720474169056,220.22022022022023
221,0.957248116515062,4.115793420727696,221.22122122122124
222,0.9669612803133751,4.163572125812206,222.22222222222223
223,0.9755455840591828,4.210432506296091,223.22322322322324
224,0.9829232246984894,4.2562776467177335,224.22422422422426
225,0.9890304516052155,4.301023196627296,225.22522522522524
226,0.9938182584291099,4.344598088151101,226.22622622622626
227,0.9972526853980663,4.386944937498705,227.22722722722725
228,0.9993147443091158,4.428020060487991,228.22822822822826
229,1.0,4.467793248427635,229.22922922922925
230,0.9993178585026045,4.506247236164416,230.23023023023026
231,0.9972906043917498,4.5433769749350645,231.23123123123125
232,0.9939522284114116,4.579188737363564,232.23223223223226
233,0.9893471483378896,4.6136991001226875,233.23323323323325
234,0.9835288290908234,4.646933856448706,234.23423423423426
235,0.9765583654497473,4.678926867406349,235.23523523523525
236,0.9685030814323473,4.709718940186668,236.23623623623627
237,0.9594351666859253,4.739356709885557,237.23723723723725
238,0.949430383779023,4.767891568679187,238.23823823823827
239,0.9385668654496885,4.795378673028719,239.23923923923925
240,0.9269240151407275,4.821875971755264,240.24024024024027
241,0.914581519891903,4.847443408167623,241.24124124124126
242,0.9016184787410196,4.872142121044257,242.24224224224227
243,0.8881126460746595,4.896033765564824,243.24324324324326
244,0.8741397875815715,4.919179917522207,244.24424424424427
245,0.8597731418370684,4.9416415516028716,245.24524524524526
246,0.8450829830451644,4.9634785876907275,246.24624624624627
247,0.8301362771426315,4.98474954054644,247.24724724724726
248,0.8149964179510173,5.005511194816187,248.24824824824827
249,0.7997230414421785,5.025818359546769,249.24924924924926
250,0.7843719072051653,5.045723673602026,250.25025025025028
251,0.7689948370481177,5.0652774545687755,251.25125125125126
252,0.7536397085323513,5.0845275928312095,252.25225225225228
253,0.7383504829242215,5.103519480801237,253.25325325325326
254,0.7231672707870413,5.122295974131701,254.25425425425428
255,0.7081264557421127,5.140897381023179,255.25525525525526
256,0.6932607881126066,5.159361473580702,256.2562562562563
257,0.6785995447374481,5.177723519232352,257.25725725725727
258,0.6641687052912083,5.196016330157552,258.2582582582583
259,0.6499910871586829,5.214270324860218,259.2592592592593
260,0.636086553639645,5.232513599959197,260.2602602602603
261,0.6224721839907305,5.250772010389114,261.26126126126127
262,0.609162460008531,5.269069257434812,262.2622622622623
263,0.5961694483696977,5.287426981442638,263.2632632632633
264,0.5835029866514073,5.305864856973553,264.2642642642643
265,0.5711708588721358,5.324400689419957,265.26526526526527
266,0.559178964843498,5.3430505134398665,266.2662662662663
267,0.5475314883213355,5.361828691323974,267.2672672672673
268,0.536231057886426,5.380748006151519,268.2682682682683
269,0.5252788964694919,5.399819758263753,269.2692692692693
270,0.5146749651834638,5.419053859977359,270.2702702702703
271,0.5044180977607712,5.438458923402191,271.2712712712713
272,0.49450612692761076,5.458042350085223,272.2722722722723
273,0.48493600598569675,5.477810411461864,273.2732732732733
274,0.4757039162592619,5.497768330400996,274.2742742742743
275,0.4668053652702222,5.517920357833108,275.2752752752753
276,0.4582352849303742,5.538269844558217,276.2762762762763
277,0.449988123164542,5.558819311342957,277.2772772772773
278,0.44205790663768285,5.579570515622542,278.2782782782783
279,0.4344383269463691,5.600524507901281,279.2792792792793
280,0.42712280493758753,5.621681690669903,280.2802802802803
281,0.42010454049295093,5.643041883749868,281.2812812812813
282,0.41337656873744266,5.664604367413683,282.2822822822823
283,0.40693181531593087,5.6863679219555765,283.2832832832833
284,0.4007631323405745,5.708330885351647,284.2842842842843
285,0.39486333181756805,5.730491188148707,285.2852852852853
286,0.38922522320141484,5.752846392576778,286.2862862862863
287,0.38384165196257886,5.775393729278186,287.2872872872873
288,0.3787055055752132,5.798130128361889,288.2882882882883
289,0.3738097525657983,5.821052250619026,289.28928928928934
290,0.36914745102785146,5.844156520399956,290.29029029029033
291,0.3647117705848381,5.867439150439054,291.2912912912913
292,0.3604960020984253,5.89089616305667,292.2922922922923
293,0.3564935742918366,5.914523407983576,293.29329329329335
294,0.35269805934428305,5.938316587062679,294.29429429429433
295,0.3491031717637207,5.962271274493147,295.2952952952953
296,0.3457027964086295,5.986382931752544,296.2962962962963
297,0.3424909712628709,6.010646926872193,297.29729729729735
298,0.3394618957879237,6.035058544173926,298.29829829829833
299,0.33660994265459765,6.059612998031143,299.2992992992993
300,0.33392964788289736,6.084305446792084,300.3003003003003
301,0.331415712333711,6.109131000155639,301.30130130130135
302,0.3290630039601344,6.134084731118112,302.30230230230234
303,0.3268665559420745,6.159161685351797,303.3033033033033
304,0.3248215640077658,6.184356888914945,304.3043043043043
305,0.32292338011305066,6.20966535662609,305.30530530530535
306,0.3211675136240098,6.235082097114186,306.30630630630634
307,0.31954963271076686,6.260602119194848,307.3073073073073
308,0.31806555246582546,6.28622043685186,308.3083083083083
309,0.31671122325891965,6.311932075388916,309.30930930930936
310,0.31548275485777094,6.33773207622307,310.31031031031034
311,0.31437638502037285,6.363615500898466,311.31131131131133
312,0.31338848682162546,6.389577434494331,312.3123123123123
313,0.31251556269461633,6.415612988734783,313.31331331331336
314,0.31175423824169785,6.44171730546311,314.31431431431434
315,0.31110126358364326,6.4678855588704955,315.31531531531533
316,0.31055350389922787,6.494112958543666,316.3163163163163
317,0.3101079360091858,6.5203947517632095,317.31731731731736
318,0.3097616444940247,6.546726225559493,318.31831831831835
319,0.309511818288565,6.573102708574288,319.31931931931933
320,0.30935574630385615,6.599519572786308,320.3203203203203
321,0.30929081310090945,6.625972235103173,321.32132132132136
322,0.30931449532532423,6.652456158821016,322.32232232232235
323,0.30942435852574257,6.678966854876151,323.32332332332334
324,0.3096180505963212,6.7054998829759835,324.3243243243244
325,0.3098933024528584,6.732050853239605,325.32532532532537
326,0.31024792133793827,6.758615427091793,326.32632632632635
327,0.31067978882915254,6.785189317732711,327.32732732732734
328,0.31118685762162807,6.81176829119771,328.3283283283284
329,0.3117671479875496,6.838348167113683,329.32932932932937
330,0.31241874501445965,6.864924819534356,330.33033033033036
331,0.3131397956745932,6.8914941778250025,331.33133133133134
332,0.31392850590053506,6.918052227196524,332.3323323323324
333,0.3147831383622062,6.944595009641544,333.33333333333337
334,0.31570200926559555,6.971118623328402,334.33433433433436
335,0.3166834863612755,6.9976192227988046,335.33533533533534
336,0.31772598653201345,7.02409302335596,336.3363363363364
337,0.3188279734750004,7.050536297680996,337.3373373373374
338,0.3199879557467275,7.0769453764223655,338.33833833833836
339,0.32120448429986476,7.103316649547528,339.33933933933935
340,0.32247615124779844,7.12964656669433,340.3403403403404
341,0.32380158702579376,7.155931637422969,341.3413413413414
342,0.3251794598326335,7.182168431583344,342.34234234234236
343,0.3266084725533235,7.208353579413344,343.34334334334335
344,0.3280873626160978,7.234483771729638,344.3443443443444
345,0.32961489903141533,7.260555760064012,345.3453453453454
346,0.3311898823150001,7.286566356889004,346.34634634634637
347,0.332811141832068,7.312512436143381,347.34734734734735
348,0.33447753579226586,7.3383909325809284,348.3483483483484
349,0.3361879484448489,7.3641988428435425,349.3493493493494
350,0.33794129039353704,7.389933224713742,350.35035035035037
351,0.3397364958488782,7.4155911976795394,351.35135135135135
352,0.34157252417695383,7.441169942646863,352.3523523523524
353,0.3434483561933741,7.466666702091063,353.3533533533534
354,0.34536299393459957,7.492078779842506,354.35435435435437
355,0.3473154595780282,7.517403541385928,355.3553553553554
356,0.34930479608560805,7.542638413182087,356.3563563563564
357,0.35133006692821295,7.567780883193775,357.3573573573574
358,0.3533903512560971,7.5928285000214535,358.3583583583584
359,0.35548474597324564,7.617778873319383,359.3593593593594
360,0.3576123627113183,7.642629673137495,360.3603603603604
361,0.35977233004438186,7.667378630002856,361.3613613613614
362,0.361963796395026,7.692023534485095,362.3623623623624
363,0.3641859200986498,7.716562236881177,363.3633633633634
364,0.3664378746388905,7.740992647060315,364.3643643643644
365,0.3687188461101076,7.765312734288618,365.3653653653654
366,0.37102803228405984,7.78952052584054,366.3663663663664
367,0.3733646464247652,7.813614108282104,367.3673673673674
368,0.3757279140380614,7.837591625563953,368.3683683683684
369,0.37811707030522274,7.861451278900096,369.3693693693694
370,0.38053136118525727,7.885191327223248,370.3703703703704
371,0.3829700432202381,7.908810084844844,371.3713713713714
372,0.3854323832506663,7.9323059229666395,372.3723723723724
373,0.3879176580213356,7.955677267820718,373.3733733733734
374,0.3904251534244916,7.978922600156054,374.3743743743744
375,0.39295416426914703,8.002040455593834,375.3753753753754
376,0.39550399380041223,8.025029422667947,376.3763763763764
377,0.39807395329418344,8.047888143455413,377.3773773773774
378,0.4006633625359039,8.070615312308869,378.3783783783784
379,0.40327154877910265,8.093209674851753,379.37937937937943
380,0.4058978460633784,8.11567002836078,380.3803803803804
381,0.40854159478793006,8.137995219886452,381.3813813813814
382,0.41120214198975574,8.160184146343965,382.3823823823824
383,0.4138788418971526,8.182235753676244,383.38338338338343
384,0.4165710539463009,8.204149035543855,384.3843843843844
385,0.4192781440094327,8.225923033536015,385.3853853853854
386,0.4219994833723509,8.247556835616559,386.38638638638645
387,0.4247344486733128,8.269049575701569,387.38738738738743
388,0.42748242173527784,8.290400433056778,388.3883883883884
389,0.43024278912199065,8.311608631017153,389.3893893893894
390,0.4330149420917707,8.332673436843258,390.39039039039045
391,0.43579827617958217,8.353594160489546,391.39139139139144
392,0.43859219100992924,8.37437015391854,392.3923923923924
393,0.4413960906794107,8.395000810519399,393.3933933933934
394,0.44420938373702995,8.415485563979209,394.39439439439445
395,0.4470314818506076,8.435823887831873,395.39539539539544
396,0.44986179918200286,8.456015294477263,396.3963963963964
397,0.45269975388422873,8.476059334412943,397.3973973973974
398,0.4555447714893338,8.495955595524425,398.39839839839846
399,0.4583962719961758,8.515703702259657,399.39939939939944
400,0.4612536876324588,8.53530331484746,400.40040040040043
401,0.464116448594307,8.554754128537008,401.4014014014014
402,0.46698398901008314,8.574055872802264,402.40240240240246
403,0.4698557448290132,8.593208295545914,403.40340340340344
404,0.47273115598613047,8.612211223435182,404.40440440440443
405,0.4756096653810743,8.631064468895737,405.4054054054054
406,0.4784907177781718,8.649767890766494,406.40640640640646
407,0.48137376030748324,8.668321380186224,407.40740740740745
408,0.4842582425364153,8.686724851743062,408.40840840840843
409,0.48714361666033046,8.704978254489436,409.4094094094094
410,0.4900293372201658,8.723081565712846,410.41041041041046
411,0.4929148611705749,8.741034792681965,411.41141141141145
412,0.4957996478234819,8.758837967033287,412.41241241241244
413,0.49868315878731484,8.776491145996893,413.4134134134134
414,0.5015648579188113,8.793994412612225,414.41441441441447
415,0.5044442114195691,8.811347874912494,415.41541541541545
416,0.5073206883899685,8.828551665588956,416.41641641641644
417,0.5101937602055997,8.845605941109262,417.4174174174175
418,0.5130629003844162,8.862510880552453,418.41841841841847
419,0.5159275845528363,8.879266686662524,419.41941941941946
420,0.5187872910025794,8.895873582909806,420.42042042042044
421,0.5216415009347232,8.912331814681876,421.4214214214215
422,0.5244896975629832,8.92864164800154,422.42242242242247
423,0.527331367430896,8.944803368289831,423.42342342342346
424,0.5301659995156305,8.960817281628525,424.42442442442444
425,0.5329930856570145,8.976683712180211,425.4254254254255
426,0.5358121205749173,8.99240300290992,426.4264264264265
427,0.5386226019812588,9.007975515055668,427.42742742742746
428,0.5414240305069127,9.02340162651367,428.42842842842845
429,0.5442159099058674,9.038681733598036,429.4294294294295
430,0.5469977473076033,9.053816247469365,430.4304304304305
431,0.5497690529508802,9.068805595708168,431.43143143143146
432,0.552529340577419,9.083650222529323,432.43243243243245
433,0.5552781274375016,9.098350585853913,433.4334334334335
434,0.5580149341954472,9.112907157712277,434.4344344344345
435,0.5607392852005425,9.127320424397478,435.43543543543547
436,0.5634507088478456,9.141590885101719,436.43643643643645
437,0.5661487376287316,9.155719053899704,437.4374374374375
438,0.5688329078763673,9.169705458687831,438.4384384384385
439,0.5715027601398003,9.183550639882231,439.43943943943947
440,0.5741578388394033,9.197255148631434,440.44044044044045
441,0.5767976930658342,9.210819547213983,441.4414414414415
442,0.5794218761919254,9.224244409511696,442.4424424424425
443,0.5820299463969751,9.23753032033871,443.44344344344347
444,0.5846214666139783,9.250677875431405,444.44444444444446
445,0.5871960044399936,9.263687680678775,445.4454454454455
446,0.5897531323705478,9.27656035168126,446.4464464464465
447,0.5922924279795423,9.289296513967495,447.4474474474475
448,0.5948134739830755,9.301896801802387,448.4484484484485
449,0.597315858325731,9.314361858241973,449.4494494494495
450,0.59979917430581,9.326692335398574,450.4504504504505
451,0.6022630206692628,9.338888893038334,451.4514514514515
452,0.6047070017272823,9.35095219938176,452.4524524524525
453,0.6071307274180858,9.362882930052226,453.4534534534535
454,0.6095338134408854,9.374681767814693,454.4544544544545
455,0.6119158813123202,9.386349403152696,455.4554554554555
456,0.614276558482848,9.397886532782762,456.4564564564565
457,0.6166154783956791,9.40929386000127,457.4574574574575
458,0.6189322805929123,9.42057209441631,458.4584584584585
459,0.6212266107491935,9.431721951656742,459.4594594594595
460,0.6234981207871789,9.442744153161629,460.4604604604605
461,0.6257464688944996,9.45363942605177,461.4614614614615
462,0.6279713195947741,9.464408502270858,462.4624624624625
463,0.6301723437769463,9.475052118691584,463.4634634634635
464,0.6323492187247836,9.485571017229793,464.4644644644645
465,0.6345016281041411,9.495965944194452,465.4654654654655
466,0.6366292619348985,9.506237650473258,466.4664664664665
467,0.6387318165190177,9.5163868909385,467.4674674674675
468,0.6408089942724157,9.526414424182857,468.46846846846853
469,0.6428605034469704,9.536321012530767,469.4694694694695
470,0.6448860576118322,9.54610742181055,470.4704704704705
471,0.6468853746753703,9.555774421122223,471.4714714714715
472,0.6488581748829244,9.565322782624863,472.47247247247253
473,0.65080417615485,9.57475328110361,473.4734734734735
474,0.6527230806692514,9.584066694039617,474.4744744744745
475,0.654614518251388,9.593263801867788,475.4754754754755
476,0.6564776082698982,9.602345387361794,476.47647647647653
477,0.6583094827057556,9.611312235165386,477.4774774774775
478,0.6601065971283431,9.62016513166039,478.4784784784785
479,0.6618657309331123,9.628904864933306,479.4794794794795
480,0.6635837309938559,9.637532224696283,480.48048048048054
481,0.665257533625539,9.646048002136132,481.4814814814815
482,0.6668842015291836,9.654452989696175,482.4824824824825
483,0.6684609503696878,9.662747980883749,483.48348348348355
484,0.6699851655813672,9.67093377011196,484.48448448448454
485,0.6714544120396053,9.679011152506105,485.4854854854855
486,0.6728664379792383,9.686980923770037,486.4864864864865
487,0.674219174935921,9.694843880235117,487.48748748748756
488,0.675510734728741,9.702600818373053,488.48848848848854
489,0.6767394043773081,9.710252534996036,489.48948948948953
490,0.677903639620229,9.71779982682417,490.4904904904905
491,0.6790020573305124,9.725243490436839,491.49149149149156
492,0.6800334285180244,9.732584322304396,492.49249249249254
493,0.6809966687144593,9.739823118166303,493.49349349349353
494,0.6818908303035849,9.746960673705251,494.4944944944945
495,0.6827150954372627,9.753997783388703,495.49549549549556
496,0.6834687665661799,9.760935241504416,496.49649649649655
497,0.6841512597869333,9.767773841178414,497.49749749749753
498,0.6847620970723218,9.774514374396668,498.4984984984985
499,0.6853008995194383,9.78115763202627,499.49949949949956
500,0.6857673804596665,9.787704403786536,500.50050050050055
501,0.6861613392814911,9.794155477601302,501.50150150150154
502,0.6864826555527553,9.800511640472573,502.5025025025025
503,0.6867312837965438,9.806773677337077,503.50350350350357
504,0.6869072470332729,9.812942371734676,504.50450450450455
505,0.6870106309140956,9.819018505359107,505.50550550550554
506,0.6870415839140294,9.825002857979653,506.5065065065065
507,0.687000309296901,9.830896207341222,507.50750750750757
508,0.6868870604141336,9.836699329126402,508.50850850850856
509,0.6867021386397475,9.842412996729523,509.50950950950954
510,0.6864458892854246,9.848037981255827,510.5105105105105
511,0.6861186982031895,9.85357505141948,511.51151151151157
512,0.6857209887578916,9.859024973445884,512.5125125125126
513,0.6852532188904809,9.864388510947892,513.5135135135135
514,0.6847158784380766,9.869666424978845,514.5145145145145
515,0.6841094866515661,9.874859473760564,515.5155155155155
516,0.6834345897021056,9.879968412695959,516.5165165165166
517,0.682691758158463,9.884993994447852,517.5175175175176
518,0.6818815858875711,9.889936968770249,518.5185185185186
519,0.681004687221908,9.894798082351764,519.5195195195196
520,0.6800616956146603,9.899578078435814,520.5205205205206
521,0.6790532615692586,9.904277697211603,521.5215215215215
522,0.677980051899278,9.90889767573169,522.5225225225225
523,0.6768427466920603,9.913438747744971,523.5235235235235
524,0.6756420398751259,9.917901643598647,524.5245245245246
525,0.6743786367147923,9.922287090181596,525.5255255255256
526,0.6730532529893993,9.92659581087504,526.5265265265266
527,0.6716666138526779,9.930828525501916,527.5275275275276
528,0.6702194528191568,9.93498595024506,528.5285285285286
529,0.6687125108207119,9.93906879769586,529.5295295295296
530,0.6671465352891432,9.943077776633709,530.5305305305305
531,0.6655222793922865,9.947013592197946,531.5315315315315
532,0.6638405012167758,9.950876945591729,532.5325325325326
533,0.6621019630835054,9.954668534228242,533.5335335335336
534,0.6603074308826156,9.95838905159787,534.5345345345346
535,0.6584576734603813,9.962039187156535,535.5355355355356
536,0.6565534620536192,9.965619626499901,536.5365365365366
537,0.654595569764873,9.96913105101977,537.5375375375376
538,0.652584771076104,9.972574138280056,538.5385385385385
539,0.6505218413989535,9.975949561645404,539.5395395395395
540,0.6484075566600642,9.979257990274952,540.5405405405406
541,0.646242692920139,9.98250008916513,541.5415415415416
542,0.6440280260075482,9.985676519219616,542.5425425425426
543,0.6417643312200838,9.988787936944204,543.5435435435436
544,0.6394523829990665,9.991834994522963,544.5445445445446
545,0.6370929546686779,9.994818340182658,545.5455455455456
546,0.6346868181818432,9.99773861749911,546.5465465465466
547,0.6322347438903988,10.000596465846693,547.5475475475477
548,0.6297375003356257,10.00339252035323,548.5485485485486
549,0.6271958540535689,10.006127411657577,549.5495495495496
550,0.6246105694051529,10.008801766050748,550.5505505505506
551,0.621982408408541,10.011416205416756,551.5515515515516
552,0.6193121306058723,10.013971347212612,552.5525525525526
553,0.6166004929485522,10.0164678044419,553.5535535535536
554,0.613848249662066,10.01890618564072,554.5545545545546
555,0.611056152172076,10.021287094852472,555.5555555555557
556,0.6082249490015028,10.023611131739697,556.5565565565566
557,0.6053553856902221,10.025878891356287,557.5575575575576
558,0.6024482047305557,10.028090964256558,558.5585585585586
559,0.5995041455079516,10.030247936629078,559.5595595595596
560,0.5965239442513517,10.03235039002464,560.5605605605606
561,0.5935083339917562,10.034398901479452,561.5615615615616
562,0.5904580445284915,10.036394043615505,562.5625625625626
563,0.5873738024028524,10.038336384460527,563.5635635635637
564,0.5842563308781439,10.040226487511145,564.5645645645646
565,0.5811063501582875,10.042064911802665,565.5655655655656
566,0.5779245763747499,10.043852211812757,566.5665665665666
567,0.5747117232901726,10.045588937482236,567.5675675675676
568,0.5714685008888464,10.047275634267642,568.5685685685686
569,0.5681956159646885,10.048912843101457,569.5695695695696
570,0.5648937720041223,10.050501100395032,570.5705705705706
571,0.5615636692551487,10.052040938084641,571.5715715715717
572,0.5582060047032601,10.053532883579242,572.5725725725727
573,0.5548214721114129,10.054977460088095,573.5735735735736
574,0.5514107620456707,10.05637518566564,574.5745745745746
575,0.5479745618908602,10.057726574189568,575.5755755755756
576,0.544513555870986,10.059032135239605,576.5765765765766
577,0.5410284252129144,10.060292374061667,577.5775775775776
578,0.5375198479892687,10.061507791419993,578.5785785785787
579,0.5339884991794874,10.062678883473579,579.5795795795797
580,0.5304350507627386,10.063806141917134,580.5805805805807
581,0.526860171853615,10.064890054037484,581.5815815815816
582,0.5232645285424342,10.065931102838954,582.5825825825826
583,0.5196487842230185,10.06692976696061,583.5835835835836
584,0.5160135993400011,10.06788652067052,584.5845845845846
585,0.5123596315966026,10.068801833898386,585.5855855855856
586,0.5086875359171207,10.069676172229707,586.5865865865867
587,0.5049979647124275,10.070509996949596,587.5875875875877
588,0.5012915673613233,10.071303765045185,588.5885885885887
589,0.4975689906584156,10.072057929235882,589.5895895895897
590,0.4938308789411915,10.0727729380033,590.5905905905906
591,0.4900778739608893,10.073449235568622,591.5915915915916
592,0.4863106152002664,10.074087261956487,592.5925925925926
593,0.48252973969693935,10.074687453000159,593.5935935935936
594,0.4787358821785305,10.075250240334585,594.5945945945947
595,0.47492967444358014,10.075776051495502,595.5955955955957
596,0.4711117463969827,10.076265309819085,596.5965965965967
597,0.4672827254250867,10.076718434608013,597.5975975975977
598,0.46344323693378414,10.077135841013542,598.5985985985986
599,0.4595939040813327,10.077517940173859,599.5995995995996
600,0.4557353478673726,10.077865139131827,600.6006006006006
601,0.4518681874110664,10.078177840961507,601.6016016016016
602,0.4479930391666834,10.078456444740041,602.6026026026027
603,0.4441105175332908,10.078701345558594,603.6036036036037
604,0.44022123506736927,10.078912934615401,604.6046046046047
605,0.4363258023414514,10.07909159913133,605.6056056056057
606,0.4324248279373583,10.07923772247446,606.6066066066066
607,0.428518918471408,10.079351684117066,607.6076076076076
608,0.42460867855177215,10.079433859685551,608.6086086086086
609,0.4206947108314383,10.079484620998516,609.6096096096097
610,0.4167776159698763,10.079504336069128,610.6106106106107
611,0.4128579927000779,10.079493369154566,611.6116116116117
612,0.40893643802746055,10.079452080771443,612.6126126126127
613,0.40501354681438256,10.079380827720525,613.6136136136137
614,0.4010899120409587,10.079279963118875,614.6146146146147
615,0.39716612478265484,10.079149836424232,615.6156156156156
616,0.39324277427407184,10.078990793456512,616.6166166166166
617,0.3893204477941783,10.07880317643154,617.6176176176177
618,0.3853997308073693,10.078587323981358,618.6186186186187
619,0.38148120658307344,10.078343571186018,619.6196196196197
620,0.37756545633641525,10.078072249515275,620.6206206206207
621,0.37365305913675867,10.07777368699259,621.6216216216217
622,0.3697445921936531,10.077448208307207,622.6226226226227
623,0.36584063061721056,10.077096134825721,623.6236236236236
624,0.36194174735945916,10.076717784232791,624.6246246246246
625,0.35804851322308207,10.076313470644134,625.6256256256257
626,0.3541614967496968,10.075883505008724,626.6266266266267
627,0.3502812640530193,10.075428195024115,627.6276276276277
628,0.34640837900704274,10.074947845067625,628.6286286286287
629,0.3425434030783479,10.074442756201552,629.6296296296297
630,0.33868689497362786,10.073913226223242,630.6306306306307
631,0.3348394109873268,10.073359549710892,631.6316316316316
632,0.33100150476636464,10.072782018070889,632.6326326326326
633,0.32717372699197766,10.072180919510558,633.6336336336337
634,0.32335662568191376,10.071556539124964,634.6346346346347
635,0.31955074589626936,10.070909158871306,635.6356356356357
636,0.3157566294741358,10.070239057623535,636.6366366366367
637,0.3119748155801916,10.069546511229166,637.6376376376377
638,0.3082058392710087,10.068831792450787,638.6386386386387
639,0.30445023253741016,10.068095171099582,639.6396396396397
640,0.3007085234512566,10.067336914008099,640.6406406406406
641,0.2969812366776696,10.066557285022,641.6416416416417
642,0.29326889295512565,10.06575654504463,642.6426426426427
643,0.2895720088869986,10.064934952143405,643.6436436436437
644,0.28589109718830114,10.064092761501342,644.6446446446447
645,0.28222666601790103,10.063230225425437,645.6456456456457
646,0.27857921893572146,10.06234759349768,646.6466466466467
647,0.2749492548679954,10.061445112456303,647.6476476476477
648,0.27133726790143925,10.060523026272891,648.6486486486488
649,0.26774374700615033,10.059581576222856,649.6496496496497
650,0.2641691754208328,10.05862100081969,650.6506506506507
651,0.26061403178190173,10.057641535914552,651.6516516516517
652,0.25707878884608615,10.056643414707407,652.6526526526527
653,0.2535639124195891,10.05562686774901,653.6536536536537
654,0.2500698629323105,10.054592122996688,654.6546546546547
655,0.2465970945207538,10.053539405837702,655.6556556556557
656,0.24314605484337004,10.05246893909407,656.6566566566568
657,0.2397171848489191,10.051380943065618,657.6576576576578
658,0.23631091855764916,10.050275635554572,658.6586586586587
659,0.23292768291810165,10.04915323189251,659.6596596596597
660,0.2295678959670412,10.048013944938244,660.6606606606607
661,0.22623196890119532,10.0468579851428,661.6616616616617
662,0.2229203047490545,10.045685560552954,662.6626626626627
663,0.21963329834665218,10.04449687682068,663.6636636636637
664,0.21637133622178364,10.043292137259147,664.6646646646648
665,0.21313479614798755,10.042071542846669,665.6656656656658
666,0.20992404693278946,10.040835292253009,666.6666666666667
667,0.20673944843087752,10.039583581869511,667.6676676676677
668,0.2035813501808652,10.038316605828408,668.6686686686687
669,0.20045009298562386,10.037034556027493,669.6696696696697
670,0.19734600738424452,10.035737622156976,670.6706706706707
671,0.1942694134757425,10.034425991715802,671.6716716716717
672,0.1912206201200949,10.033099850039399,672.6726726726728
673,0.18819992711002592,10.031759380327523,673.6736736736738
674,0.18520762235455868,10.030404763651468,674.6746746746747
675,0.18224398281222298,10.029036178992706,675.6756756756757
676,0.17930927426964233,10.027653803261755,676.6766766766767
677,0.17640375155429164,10.026257811306047,677.6776776776777
678,0.17352765741046702,10.024848375954658,678.6786786786787
679,0.1706812245595908,10.023425668026416,679.6796796796798
680,0.16786466786311388,10.021989856347432,680.6806806806808
681,0.16507819437019267,10.020541107788127,681.6816816816818
682,0.16232200240936037,10.01907958727276,682.6826826826828
683,0.159596267978601,10.017605457799329,683.6836836836837
684,0.1569011614241389,10.016118880472915,684.6846846846847
685,0.1542368393929453,10.014620014513692,685.6856856856857
686,0.15160344444631213,10.013109017280662,686.6866866866867
687,0.14900110660416055,10.011586044301078,687.6876876876878
688,0.14642994338332113,10.010051249281446,688.6886886886888
689,0.14389005901927374,10.008504784122628,689.6896896896898
690,0.14138154500338868,10.006946798951777,690.6906906906908
691,0.13890447760348282,10.005377442136755,691.6916916916917
692,0.13645892083927716,10.003796860305824,692.6926926926927
693,0.13404492577800656,10.002205198358853,693.6936936936937
694,0.13166252979044663,10.000602599469467,694.6946946946947
695,0.1293117573830203,9.998989205183218,695.6956956956958
696,0.1269926207558851,9.997365155364609,696.6966966966968
697,0.12470511747714501,9.995730588388655,697.6976976976978
698,0.12244923242967853,9.994085640765041,698.6986986986988
699,0.12022493850074563,9.992430447393431,699.6996996996997
700,0.11803219486312092,9.990765141661377,700.7007007007007
701,0.1158709479096226,9.989089855417792,701.7017017017017
702,0.113741132092332,9.987404718955428,702.7027027027027
703,0.111642669337887,9.98570986101244,703.7037037037038
704,0.10957546892785408,9.984005408800813,704.7047047047048
705,0.10753942838822238,9.982291488030015,705.7057057057058
706,0.1055344335721853,9.980568222926387,706.7067067067068
707,0.1035603586406792,9.978835736250126,707.7077077077078
708,0.10161706624226637,9.977094149309668,708.7087087087087
709,0.09970440780260535,9.97534358197935,709.7097097097097
710,0.09782222425538102,9.973584152713768,710.7107107107108
711,0.09597034575939611,9.97181597856341,711.7117117117118
712,0.09414859202786158,9.970039175190928,712.7127127127128
713,0.09235677287750114,9.968253856889433,713.7137137137138
714,0.09059468851696062,9.966460136595089,714.7147147147148
715,0.08886212943786298,9.964658125901174,715.7157157157158
716,0.08715887725498339,9.962847935074,716.7167167167167
717,0.08548470486152011,9.96102967306883,717.7177177177177
718,0.08383937645628503,9.959203447540714,718.7187187187188
719,0.082222648401738,9.957369364864425,719.7197197197198
