,Time,Open_1,Open_2,Open_3,Open_4,Open_5,Trans_1,Trans_2,Trans_3,Trans_4,Trans_5,Cis_1,Cis_2,Cis_3,Cis_4,Cis_5,Layered_1,Layered_2,Layered_3,Layered_4
0,10,-64.83932733932761,607.8879453879454,-109.30118731842867,-109.30118731842867,-611.4302364302366,-534.5885436402677,315.9861690034104,-106.88478188478166,315.9861690034104,486.1011115321462,103.3424908424904,269.63462567395163,-329.6362325617647,394.3537267975471,19.251581751581398,-437.10694735975676,-22.793872793873106,-561.8260484833518,-686.5451496069477
1,20,158.0688973947399,615.3722681812569,-138.61138861138897,71.615884115884,-1005.9760464254846,-599.283325370282,78.15628815628816,116.49586368687505,-16.82455475558936,-306.79320679320654,-250.732600732601,487.9120879120878,287.2106616787469,-456.28815628815664,241.21496481047006,528.5714285714284,-8.223237436720865,-332.95482295482316,-91.36930485245102
2,30,112.24099627930445,605.5743296126384,-307.64664417013364,440.6679625714396,400.9223149606232,235.57432961263794,243.5313188599498,-353.24287468843704,-34.96330479596418,606.9600974029004,-40.58509067721707,200.71925714886993,366.61599627930445,1376.7464907847989,-5.671091632783373,604.2190182573268,235.57432961263794,360.2629743012826,167.34737925802756
3,40,996.5665412888775,1454.3120216150037,848.0360753390573,-84.11368311504884,197.40805601538568,848.0360753390573,478.9297951458202,639.7993603632117,76.75588210234218,1300.2582975612795,637.2322928331473,597.8705907054878,-53.01776200343966,280.43750903081354,1162.6254473197341,1115.9213799985555,1251.0153183183002,1076.1364337619962,956.7815950523191
4,50,1395.5086580086581,2012.175324675325,900.8200133200135,540.1323139226365,619.7022063957547,1261.4506869941652,858.4118838151094,1164.2586580086581,1663.6246000376432,1221.2332956898172,1434.0503246753242,1279.8836580086581,1296.8419913419912,1051.47357028936,272.52620186830745,1665.3003246753242,1703.8419913419912,894.4669913419912,661.9998860788337
5,60,1341.9513605797247,1616.1137317137454,961.725433841405,922.3637317137454,1423.4053983804124,1467.626889608482,2142.982288414776,1333.4748428248568,1532.6730100642608,3126.6190508626814,1847.3637317137454,1329.3637317137454,1491.594500944515,1557.7172670672808,1828.4861806933377,2193.070802420816,2194.2387317137454,1699.3637317137454,1941.751486815786
6,70,2107.737691200313,1897.8268001112037,2272.0226763998635,1502.908432764265,711.9581132425169,3428.4186368458977,2244.281345565749,2468.5237698081737,2730.1399314243354,3239.643126641816,2247.4249309523257,2469.581517092336,2143.372254656658,1539.21141549582,1760.9627224413016,2504.487177469694,3081.8268001112037,2144.0191078035123,3256.669937366106
7,80,2906.6213561695868,4058.6360081842386,3569.0975466457767,3221.3693913059715,2422.0975466457767,3564.7446054693073,3774.020623568854,4058.6360081842386,4414.40523895347,5520.398517519564,3265.2391395661307,2217.4515289466617,2645.3734087147413,3178.9157284639587,3058.565436554034,4697.097546645778,4876.90523895347,3703.5195649944008,3860.9864355346654
8,90,4468.517963643191,4131.729088801218,4002.0794931138867,3805.694375850618,3423.734331265176,4946.815871177721,4102.633413833984,5256.144673216802,6275.110478054166,6524.983057055186,3751.681863299447,3678.038612610742,3672.478503321125,3576.051433123562,4271.777928850057,7117.931775003903,5630.156349613801,5156.975394219937,5416.064928400216
9,100,5482.379547043942,5796.72935476364,6297.284054301391,5096.996972961677,5292.580496989137,7255.473917535502,6129.102236119571,5739.964305085088,7526.171201636812,7223.015279597833,4413.908437669959,4557.319290383137,3652.9483899657253,4566.880013897349,3465.102236119571,6721.102236119571,7589.964305085087,6672.166752248603,6632.54485907039
10,110,7090.074143738248,8021.887707365375,8158.734203472162,7362.401649410211,6675.939960097981,8715.449648270771,7685.0308691888895,7091.506956439938,8523.080993491785,9917.262274147568,5042.739413097564,5495.827799531274,5095.976823169506,4568.495866758164,5326.606051130421,8363.919483966241,9395.438717069022,7922.128439190123,8907.937941297903
11,120,8994.593566725087,8580.414462247472,8837.97502011388,8820.748790605683,8234.944139442892,9559.104346161237,8341.830040605682,9382.010329067221,10229.121309689654,10943.392540605684,6196.21545727235,6664.882123939016,5653.548790605682,6261.767968687875,5961.882123939016,10586.882123939016,9745.973033029924,8836.066273123168,10897.433682692012
12,130,10914.926996757895,10508.593893241694,10934.382734818282,9581.144989291675,10575.541564671732,12479.153069192922,10094.374754882123,10620.74943518903,12448.760070159311,13249.264192408958,6486.006837162889,6531.405610169023,6985.393340230373,6768.025164413025,6798.3041291796135,12195.119415803818,10988.695781164979,10679.388986381175,11683.561029391927
13,140,12653.083797837598,11887.393279205904,13431.671464788435,11116.17655267003,11286.743928556554,11835.364618211726,11047.62828229805,12661.743928556552,14080.36808963038,15804.771139440909,7969.146163193425,8293.485501590261,7462.024827432959,7780.348579719344,7328.604393672833,13785.866735574096,13455.28697491417,12766.74392855655,12614.658038986001
14,150,14204.525171150155,13018.606952822298,14567.100928725915,12339.451922103399,13698.075771493208,14438.254774879759,13840.2021945487,12837.06948218503,15855.144406986783,17840.21413627308,8337.998364623349,8698.511185136169,8123.350928725912,9545.292418087614,9006.079423349569,15902.100928725915,15562.832636042982,13341.557450465043,14647.718906254002
15,160,15522.133020653138,15026.043635178277,16515.88169472145,14466.040893292544,13653.745986743823,16505.627781156923,14941.65980343329,13915.28209445496,18024.785853853457,18450.83900999964,8930.586131245967,9182.042441925578,8597.248038727406,8701.42332693314,8883.596820664423,17933.061617890413,16365.903028813329,14074.790161103994,16379.258096636582
16,170,17618.08241428188,15014.401131559365,18574.434026296207,16559.57158610482,15410.741372201075,17029.30891844461,16907.997443034772,14711.276131559363,20010.747031030263,22771.276131559367,9175.593312176103,8894.461972267329,9292.271606672486,9009.893643080102,9828.405761188995,18907.1094648927,18150.654369901335,15265.73622545608,17768.07224806422
17,180,18396.69390326803,17661.69529680203,18896.98375834049,17793.8654787706,16569.48375834049,18342.241490299253,18184.6760660328,16409.369545142523,21286.98375834049,23238.922533850695,10025.01588685455,10670.829912186648,9786.405245943799,9660.204097323542,10161.89901257778,17912.710254066988,20771.885719124806,16089.515947181691,18812.094869451605
18,190,19299.32968009894,17569.584452113704,20383.392971532292,18553.522505211047,16897.127156373837,19843.211500426358,18639.38374923019,18654.74892030539,23212.15886884741,24187.29609011671,11504.478387563988,11324.818801507343,11583.334535286234,11153.522505211047,10958.522505211047,22569.110740505166,20573.45463190788,18462.836230701243,20549.096275702854
19,200,22296.267692264122,19206.946066919772,20601.053209776914,20175.92264142054,18624.090201397597,22073.634663410998,21310.915365165387,20730.51490749948,25406.70373777054,27059.23502795873,13014.86273358644,12539.86273358644,12190.122249157375,12263.795117928074,12496.29130501501,25174.31727904098,22768.196066919772,21367.417478111984,24002.45671854884
20,210,24412.169601483572,20519.155465596657,23476.30419408369,21865.62853583742,20439.00607250609,23919.715237892677,23205.76952585491,21786.247495957192,27454.121788003486,28834.64411775044,13860.116682891146,12963.654170739092,13124.070076602351,13648.644375914886,12669.35154402803,26554.061387561407,25735.232371067017,24050.020983521,25349.22221570096
21,220,25673.831489891785,22072.09156315186,25151.618312123057,24368.268033740096,22532.85935341403,26731.997223529215,26614.255742256333,24159.359221144423,30430.24568501566,31544.90178212996,14936.767079376046,14787.032391554225,14163.20098564426,13656.571685476018,13825.814967407177,28649.553101613397,28832.75332785774,26439.351625071362,27954.607903021144
22,230,26322.83066840523,23695.778008413086,26022.526848960784,27139.671601319274,24242.947394173556,29727.34455729412,28310.323280698376,26134.777774483435,32354.34455729412,33262.05246107419,17696.264745087545,16034.18216413173,16628.122011132797,15349.274381855521,15800.65862280472,32446.28395123352,29887.846840399146,28674.75835039757,31523.31635991245
23,240,29105.509383007804,25508.94560898334,28678.124744942048,28276.707332152124,24310.879938009464,32285.377812464278,30314.65970980519,30064.794645499896,36016.75809301812,35277.028054170536,18685.11722614506,18675.25346592707,18464.78664763266,18074.420847314974,18220.158548459105,35974.71508137294,32680.13340737483,30837.617226145056,32460.851298167225
24,250,33739.93643113586,29482.83258555752,30754.156966697858,29650.165891983095,27310.920585244912,36140.78361438645,32413.4321226796,31378.130322718684,39426.59889258806,40126.561485256214,19737.30917069438,19767.01219657436,19914.618579553084,18978.508421694467,19048.66113274457,37649.12270624798,34780.69000812452,31050.634041260568,35171.23988378077
25,260,38231.32604390939,34095.58825041297,34518.330854520755,33182.038294621634,31507.186223615714,40371.182389962916,35032.434694878764,32084.573986076997,42238.46922927837,42040.79124083977,21134.791226444333,20799.79437274041,21966.574172180768,20030.715863771646,20866.69363927698,39214.61636012049,38872.71961330296,33362.38863734821,36684.88657983768
26,270,41309.52895960022,37070.01680201326,38845.526486009185,38704.63032858332,35568.07936036994,42952.43430125638,37777.62296838906,35159.432006691626,44644.50000614763,45980.82258098259,22404.655690902153,22157.965841278092,21937.925791404665,20971.56472398103,21793.501650498114,39326.39963763339,38536.63048654248,34828.86971967913,37424.02914769227
27,280,47125.47791311344,40643.85602516166,44450.71419336506,43199.9560033881,38893.02940589126,43292.19834322096,39321.81372783634,35908.49368000853,46468.26704551104,49303.46500988763,22422.86099382337,22510.83030448004,23283.840678987384,21955.227899871206,23020.188539299394,39706.72215274477,42317.865009887624,35105.07570171153,37781.71290632776
28,290,46507.152508349514,41900.42225943176,47025.551379673176,45979.10196810385,40558.499309696315,45550.436987366644,40597.84949980027,36184.98581428409,46910.0680927651,51113.23911104186,24186.24401869102,24156.836158033162,24231.239454267445,23865.439826731843,23344.52317550741,42236.45181369533,42863.963926098426,36629.783195739925,39587.55865880283
29,300,50343.09815306198,44349.51649477052,51506.76649477053,49144.876730990996,44357.63384170929,46671.12739702616,40797.742104526624,38354.03922204325,50336.30194709326,52905.954312029404,25749.08792334195,25480.802369209985,25203.290196802125,24047.44831295234,25656.856992508077,42950.91228064751,43568.68568668971,36958.76649477052,40526.07683959811
30,310,54867.54569623123,48625.03129078336,55412.31808810317,52056.3906676849,46214.97652627075,48470.52220308782,41466.048567437145,40382.34081665662,50264.114273769155,56237.302729479314,27278.24302422676,27066.863134286392,27457.256155535193,26275.708573217238,27362.713723571265,43213.12651632445,46236.047875459466,36365.82332401263,40954.819647751036
31,320,57456.64591018946,50875.110701212376,58279.586858130395,55956.26214761057,50549.23764149852,49297.67155121509,43366.209922486945,41435.808375630986,53582.68116525697,59299.34965194533,28700.83594695681,27233.90274426447,28783.144880947297,26975.077478621024,29005.348155312753,45788.84647558151,45283.267279364016,38636.54754382553,40749.1942220926
32,330,59934.15436539948,53067.44265903849,61433.39177946569,59495.78144994438,52041.63934499007,51254.87678452322,46299.627564110415,41115.344361487,55948.74944369926,60281.63528844812,30294.531648214528,28650.05626941165,30556.34783727355,28961.924174882053,29444.26631279507,44170.64403644395,46057.5846752862,38729.038600325766,41935.631431276895
33,340,64535.764664596274,56965.352478216344,64090.63804415613,62959.79692266079,56596.561628543146,51922.107117888554,46965.09670852802,43005.18737819224,55249.75418761805,63624.270606871316,30829.49827140838,30319.027691891555,31963.713750513787,29992.384471298923,30335.089320321607,44841.45696242222,46066.63499705904,38076.23661137674,42944.35426672518
34,350,66232.61889596716,59729.89730823997,68799.20400136228,64165.18453864963,58274.88157420754,54109.294265101635,48285.686283125455,43521.42245471068,56276.321734630474,62941.69539029735,30663.08922045277,30709.270232133123,30317.5190337082,30531.972249067905,31150.144026520575,44448.51919489453,46836.24973241502,39505.51664287976,42844.34390001836
35,360,70274.79404574678,63046.873410826156,70156.08905659277,66166.8671146403,60846.398508221435,53673.00616695891,48396.52350466462,44324.911454653666,57144.84625458213,63285.56186652072,31355.48807559753,29743.742575158543,31340.281130617626,29445.812737335564,31831.79404574678,46198.96385706754,47497.913142256024,38320.497749450486,42748.20625948724
36,370,72207.29645968032,64322.60653719971,73291.39568124982,71408.01901204881,62194.02107551012,59757.01199528938,48498.33753135176,44275.553492013074,59069.10459167442,65204.48772531851,32640.00580459898,31061.068075661246,34225.867406764926,31124.08255195986,32606.788355381526,45833.97437453797,47598.34911145714,37722.42338701656,43651.191267181086
37,380,71152.8598030196,64384.02214068195,75236.42113058093,72694.78800242436,63908.31245764467,55690.87841691677,49647.090322500124,43772.8598030196,56076.175012685555,65829.19368369831,31884.097898257703,30742.2447093287,33919.36105615244,29477.806818445497,33956.831584324726,44176.249025619065,49993.797194482904,37304.157742662246,41456.05868257142
38,390,74516.39998399744,64706.611846035565,78475.69374498873,72450.73159147664,65156.12797051713,57824.335726632584,49366.46286921282,43996.19787813921,57925.711357719294,66303.58793214776,30255.26596673642,31674.884161191585,33777.14452745606,32134.8166408767,35093.52744227043,44910.75147398279,49510.22020871655,36416.53016885995,40812.347183813225
39,400,72305.8314973807,66606.19914443952,80388.69392258112,72797.89864499448,65480.37942766393,56321.89787772211,47940.39301923715,42358.9564973807,57500.844575207106,67501.71357949532,32691.418431269307,31208.644740428364,32742.888306405683,32352.103964700964,33146.193664777995,46257.24552453002,47840.58120164998,36580.81743088454,43052.912602550045
40,410,75591.2668714265,70173.18734659562,83550.43167637581,73628.33137117258,68295.74905590869,58035.298781016005,48996.11535627499,43808.07187801412,56852.249407741176,66593.01881711288,32342.886734983553,31716.60146738611,32827.115356275,31875.167867690525,32888.484834186645,44423.597625778544,48221.64469686785,38916.730919573485,41397.82324791222
41,420,74607.32054498556,72134.71891636282,78802.51239310026,76596.45920044775,68600.13965277307,58181.36708959618,48733.80758670491,44011.76949719614,57567.59333592011,68466.10671135083,32167.67922991031,32520.01320609804,33168.45970754715,31726.768737607497,32160.52867306438,47012.411526974225,47058.41730056392,39315.42428648217,43945.88073479576
42,430,76942.23127868978,69550.34191379408,80845.14679901104,78120.4819384384,73750.50258661149,59883.74379708067,48665.36618374459,43830.94802203217,57754.80153088352,67219.36530191037,32973.03302497229,33132.17142435935,33411.68825673333,32236.26354065793,33598.11834920437,46010.06966698974,48171.95648732071,39596.31603667308,43554.869758459026
43,440,79305.9295750977,73695.40142225486,84498.85107900541,78410.94647879206,70338.46450164006,61031.01545734256,48304.53948480252,44858.65119871709,59311.15666401779,68939.08284804155,34104.090063048745,33350.74170248562,33818.7786152373,32340.00742879662,33833.76596768249,46196.48480080431,48666.66593918096,39279.89206061545,43164.01057400018
44,450,81283.56446847698,74234.38238996606,85287.50773877729,77017.29097823796,72143.7605005979,64192.00381098189,50254.5989512356,44234.64160412518,60055.36071751253,72042.03681607281,36267.05270780103,33892.72234821479,34922.35182479882,33271.389513241025,35945.10529124363,46730.00828738385,47794.75460257659,39627.51849146548,43616.60594177781
45,460,83581.43342017359,75943.04272196106,89760.2724782207,79216.25590624378,75464.85438177857,64868.25574232279,51363.04635153389,44861.5632559695,61708.47206654349,74041.8776048609,37093.61859104534,34954.367776713094,35553.37185773447,35053.852526491006,35947.146118145254,49496.00684276297,49226.3603634816,42222.1723584742,44302.88824625185
46,470,88174.3275808936,78734.84969681327,89102.84012616797,85162.88279991107,75860.97705194764,64160.76227963985,53054.25836099671,46947.33555960935,64031.66162845798,75957.46997088678,39466.41025214175,38131.5713316989,38010.76880694848,37408.54991206162,39474.50454096275,48788.7572291348,50284.773725153005,41989.34219645506,44061.14760197843
47,480,87923.03103550881,83363.86198341996,92894.85432281556,88022.41637908923,79203.60182243088,67771.00484056282,53340.78962081272,47090.97808106944,64579.49326821202,74423.27495759822,38019.54819814725,38025.402628526994,39863.76834649845,38477.064907008,39391.690789360946,50240.32922331773,50281.94289020128,42740.73895231545,44821.38358905084
48,490,95994.60218266121,83548.63656890672,94147.66129799813,92814.40706071,81383.9380053354,68090.45266331585,54477.46549142786,47200.10587627682,67929.82427925304,77192.23983662973,38843.97200593691,38329.59456070999,38541.62213135363,37989.642447755796,38484.25659049056,51504.358280222186,50810.446599424984,44412.741988939655,47002.47252715843
49,500,98488.22334396538,86720.29131553638,96444.08962922494,93548.63112669314,86900.17334915156,68722.81705127258,57493.622726347356,49189.09086376512,67789.59449318146,80121.90355443016,39480.31088353517,43019.015853895406,39251.423599602385,38929.89958336223,39400.000806015785,51107.99826357953,52898.68884151151,44148.65884316658,49160.83212585874
50,510,93379.27960567782,89515.29131373182,98519.10682369374,99514.95569429509,88738.1031350896,71537.92373748786,58550.11856421206,51089.563919403314,70293.36478520418,80165.88091286736,41642.72240611087,39972.63155595257,39556.474175813564,38444.49462522505,40907.54732930632,51732.220782148404,53903.88905601533,43231.4315741095,49157.13316255951
51,520,97928.76102493104,88289.59061462856,102353.90900865284,97966.12906630433,87209.30116551559,71179.8894008097,61627.101261163596,50964.366253114684,69385.37391345533,82620.01715369367,42535.337516128886,40205.46290790601,45067.721179862776,39802.51037580519,40458.118446601,53131.40174076145,53852.0072367081,43763.98795522373,50963.78786465383
52,530,98956.46941782809,89766.36085122128,101907.82601578133,99496.039090215,86227.11629951732,70639.12416063753,60570.670743505514,54701.57398313097,69956.1738270571,80390.56204841434,41645.71884925112,41813.91818795934,42744.20054036604,42049.79424173013,42226.05686799276,52681.92395002807,55838.37493686035,43444.527175973024,49630.24759415199
53,540,100185.37385037084,84636.2754605093,102351.37212197579,94299.64756501374,89095.93712197577,72918.64675536111,64117.51800432872,57161.82851541839,73949.64756501376,85440.19231366906,43796.758310316574,41642.23089991913,43117.4827806584,41686.1454553091,42320.669264832904,50636.27425489694,54296.29720831799,43356.75749375119,49818.07033793821
54,550,102402.84580736727,89748.31352147242,98978.49713425196,96955.14349873738,91104.45140003556,73921.85935431038,64181.351225215505,56099.96474891577,72605.1875433627,84717.10472918866,44105.762488213506,43040.70334931094,43888.58521598579,42433.690398266415,44387.496169108475,50658.59065690608,53670.098429788886,44425.048480973186,49739.38704901069
55,560,102783.07580505083,88744.73381073766,100215.91424320842,98696.71609760402,91666.08557725072,74454.50046787634,66950.7651066307,56938.989396718345,72534.61777917478,87767.01831155387,44609.9750586666,44221.33473779434,45142.95690642754,43480.78182400519,44429.81277158062,50886.2640460773,54413.98268711018,43508.81731029058,49943.149353776855
56,570,104558.99092866146,87267.11749886924,99495.18617694432,99462.64082235389,92855.82873581714,75981.27275001079,62820.759933139714,58860.45972519593,73230.44267993903,84158.61605455203,43812.47385600402,43869.63466640314,45139.841337596474,43450.661118191514,44157.54392147452,50052.46497659828,54553.353370772944,41216.7410402188,47762.1175455585
57,580,104822.07749101882,93316.34931372346,101853.16655881738,99485.04516797148,94838.43281845404,74421.94295882394,62628.59159745725,57778.94102026254,73310.90642328058,86119.9204742451,44739.96378210672,44021.93575366243,46387.15600582539,42977.09371425048,44912.752135040086,50215.205065814516,52468.15245968691,43404.107780746635,49233.18133254178
58,590,106103.27659907885,93386.90622870848,102303.67530192916,106239.03712672979,98130.53563655943,77589.32277081112,62737.24395245045,55053.9560371376,71993.0215807017,84567.37272573986,45836.49234777885,44280.587678398515,45788.007761275534,44744.16442215373,45599.92730970389,50574.57072979127,52499.24911458077,43927.841901223095,48794.88602668827
59,600,105756.46864894769,96132.48928108114,101069.82410088457,105271.8911371563,96651.58555306448,78533.45666637688,64978.50614333476,56724.935825787084,73280.05139464082,88514.27895655697,45498.87576969073,45274.859345651916,46947.47376039398,43649.84806490809,46930.89393391316,49138.889867435086,53231.57572198838,42345.550064122464,49533.46110860021
60,610,106480.96582571017,96529.40012006283,102646.51784292942,105983.10382376655,98123.84729988666,79476.39770936812,64173.063358415005,57981.460631278285,73841.39944970922,85354.6337123177,46570.10947348406,45109.62964536279,46225.37162197493,45958.26907400263,47070.177222551036,51326.84149635036,52882.18479743767,44092.72013072099,48830.459113187695
61,620,110760.9489948221,97403.95608158706,102477.46073895003,107348.26395341422,99428.10484504946,76943.38360841907,65053.263509206685,57182.57425362126,71551.67363250324,87087.00792910116,45755.46044877254,44979.8463293716,47501.221751702076,44724.467615258705,46612.40997742271,51263.002205753284,51681.20688058509,42596.30260557037,48419.920935300586
62,630,109577.73070904857,99789.72575429856,106112.33667803115,109248.45479913287,100933.07136321883,79651.0470663635,64952.232019962736,56995.67765104198,73374.78079129494,86673.93628061435,44985.43373077663,44709.49183616992,45334.28911255494,44001.11576779385,45671.67404608067,50385.22581832726,52805.079832925796,41923.05908763192,48433.45304590036
63,640,110042.88348358397,100412.408122086,106904.62539168115,105270.17658993823,102571.03763000644,79557.80992898814,66819.73760837546,55587.03812280486,74471.43359273935,86733.32904018808,45072.32067087159,44610.85907287616,45088.8958338685,45734.03279908856,45802.17432438277,48791.11230239448,53514.219623080695,42203.00643374017,48273.853060526475
64,650,109238.24254404665,99309.77351488218,105212.9227853362,108241.1327427023,103013.88941291519,76729.38431313237,66159.42084491244,58146.469851631686,75989.54357984712,86234.12322586482,45644.97033330284,45088.118424767425,46959.84636636069,44982.43589804113,44505.50300728559,51140.264844361925,54174.71146115893,42629.67526524597,49051.967296143
65,660,109226.55626006132,99908.00348729637,108665.65876053691,106384.73951151936,103921.65291258373,78358.01654894736,66499.57883850964,57615.07798903631,73810.93338248091,87521.06031999111,44373.61638290335,43405.87301262919,45823.20542399924,44848.53905798838,45033.76175612113,51635.41790059331,53344.183326209015,42824.21701514782,48906.369069788954
66,670,109938.62176280888,101689.46413557767,106993.44203475358,109819.20191126053,100509.07109288512,80117.85814672662,66432.73201510214,59814.62352358016,74941.22629841717,89094.79864706466,43530.890969552245,43053.70438575092,44566.13518167851,44067.71976093996,44810.38688235878,49656.529739501646,52737.57028847232,40919.831326803236,50167.02694041394
67,680,107626.11706284602,101629.97622191689,106379.17497637881,107628.43357218914,99313.52513657643,80729.90931736739,65205.45854943656,58377.2403425844,75669.19818988028,88278.91895999374,43874.9198818798,43050.50253770636,45745.23866761164,42702.37499360867,44229.74984953431,50171.326401342725,52811.167277590765,42076.74043535505,47065.430491596846
68,690,106839.76703466263,98780.14303654854,104189.7789735356,105937.9251176383,102084.91961682226,78907.09159606614,66342.6179118556,58413.26904876131,75260.9611183567,87427.1453801614,43112.75961226047,41681.21499338851,44861.85822963117,41854.46001711876,44056.78510695177,48121.01998138586,52490.90776472986,41999.305602155735,48712.2790250703
69,700,106883.99348322414,98119.34676312454,106940.58804821025,106956.11473940327,99044.0183218889,81302.4753217101,67648.14722235737,57470.9058902698,75483.5225962211,89601.27232814256,42093.24688428158,42301.2989851582,43960.6361099437,42665.155486432115,43362.71468341222,48942.18067671846,51345.57336450679,41825.26918288902,47167.22000256115
70,710,107418.3931013208,99022.63787615382,103506.01292830233,107629.13730760956,99277.9740496204,78444.65590762591,68589.16408142608,56685.59379536359,73513.86210223392,87195.3654064723,41714.885297210574,41287.547680075375,43006.55053212528,41654.743747993154,43431.80727335565,48316.055243100585,51667.660500588194,40807.49329171703,47534.909584837274
71,720,104308.92262398293,98527.46231477156,101966.22127067852,107978.13978742874,102068.12805033952,82057.29471700618,68312.3019320134,56463.30975460017,75212.29471700618,87616.89125879294,39453.028050339526,39809.39578083598,42230.14046168704,41159.96138367285,42136.39643431134,48604.54715773144,51834.68848471157,39608.84363004967,47820.732217006196
72,730,102791.07910708225,94080.76059109012,104241.49873091534,107461.86586653363,102703.36835964705,77232.58009364706,67243.88798572613,58451.45503553456,75035.6430697226,89528.9454569905,40834.10869983716,39437.79793472514,43953.6802050011,39460.04290627382,41047.69772559304,48178.282419246505,52081.49270031799,39874.47413040751,48275.15454834298
73,740,103290.8561285566,96465.76680515309,102774.62513129298,106150.59591086209,97661.11379414529,78836.64890946739,68386.51063833608,57470.41947188491,73205.89428766852,86885.43532110317,38709.48647684398,39888.19193485978,41723.509395177236,38013.19596443335,40568.07883355402,46736.428998242074,50082.58279950382,40108.2653537892,46748.17777583154
74,750,99792.69860870964,90295.30191449478,101417.4479123308,103542.53866434246,96221.02278453382,77457.2813625344,66740.17724118827,55325.71056685612,74562.22477561203,88885.65866577098,38117.88379389482,37182.86329909172,38391.82245587696,37249.65111530594,39661.876154401536,45676.04343629584,50582.2084126312,39300.05785803939,46012.3334401703
75,760,96933.35437045532,91424.65265717806,100626.4797466362,101971.00124455575,95831.20319844637,77409.73087893863,67811.0803132756,55848.37094989358,69985.42604579034,86642.18960587424,36308.457091087155,36617.43336529794,38803.10441561507,37425.97460027514,38167.39640772728,44212.28605198133,49014.6610098925,38484.999368077006,47268.1876363717
76,770,95348.79617465935,88607.3941336554,100220.71207810404,100726.65130462339,93439.49359355934,76370.02147036925,67536.96254897297,54777.2871577658,72708.87131223852,87267.59380860315,36110.14287193946,36007.548714527584,37422.27818068377,37043.538023203444,38465.38381520672,44002.02655686999,49535.15586513177,37860.06399484017,45038.52067834359
77,780,93048.01472562664,87709.25622128967,97119.52113694686,98621.38035688161,92202.69576863929,77256.04335550609,65401.018442521585,56114.98923070109,71032.23845527916,86996.5261421849,34741.34485736692,35423.53005045125,36763.04821037385,35046.40338730701,36270.006714333744,44599.58933005529,47931.146328677816,37185.251054741246,45227.380445129485
78,790,91796.49173680304,87979.71374680758,93962.02233041034,97296.83357493745,88442.40585498075,74449.96207151188,66504.96405318721,56724.239313459795,70239.17052468182,86041.64754204648,34074.782550451324,33802.11854272122,35772.87572287788,34807.39993924631,35629.44372298611,43872.380172177174,48122.33225245681,37331.37141807793,43646.79475024763
79,800,88364.33352452372,83285.45561165645,95879.69566384172,94074.5227467072,88361.40799260883,75842.41892157058,66018.19420920518,55670.360444317594,68691.42891311093,84002.65449120828,32860.06461121958,33242.26736760883,34943.383220770505,33668.65342341823,34720.431278507924,42598.89103195755,48541.566176927954,35447.783653984494,43525.93642534115
80,810,85714.40118486575,84158.32517231713,90011.59078028127,94867.52529597022,86088.23809240182,73639.47901561925,65091.222737606106,54427.43209868581,68263.27995021292,85258.94097442547,31990.47440831183,32146.815811452838,33735.03272122033,33044.077871426765,33107.854125790225,42173.11486024114,47948.91350189799,36273.42900295323,43819.17782495357
81,820,83728.13504105406,78842.10461974189,90570.70148938407,91904.71509482624,85959.93069719622,74156.6992063426,64337.461085228,55001.944752267846,68077.50345356333,84030.61084977626,30965.4140410714,31292.265142153356,32211.250837862073,32180.895460062293,32332.950595211954,41782.53822407793,45358.822377083394,34709.78460088952,42687.34485391219
82,830,82753.96529929202,76949.15667760248,87898.21321555488,89800.9269197611,81633.50029449817,72782.04042580038,64443.110957555335,52615.59098814324,68104.8544310226,80707.49699013248,30792.84071891157,29484.241167766853,32144.969386232387,29978.723483815833,32457.260586479064,40858.25968911273,45884.66397220381,34760.68937232045,41543.645646569064
83,840,77781.30265701526,76905.65621902053,85850.13524473095,89424.2741051994,80915.9775041611,71902.54902770439,64732.3089386858,52551.952515316814,65865.10066346498,78943.72297840858,29149.250990262353,27690.012525912593,30601.110764475066,29452.474993466418,31112.331476752486,40254.92845621729,46854.56778364637,33726.73233450609,40568.3934954992
84,850,76018.18540002752,73609.60646334138,81838.48635537917,83987.42022852357,77486.05476667618,70128.63974071869,62298.090619585026,51609.81667822771,65400.097066248956,80854.50356185691,28602.583627216376,27752.907874817454,29951.737523712127,28736.5348118569,30207.574867698826,39202.15141131927,44263.20254144874,32148.155136660047,40914.62793141215
85,860,74191.09086362872,71646.13194884513,80057.03369850865,80748.9788528325,73967.45549014829,68603.27814076465,61518.27173421524,49638.020688190125,66476.9495893905,78494.26260878108,27974.883433288167,27172.083188190125,28104.34103451047,27610.49464652346,28153.258783428224,38658.870800046956,42236.685550616836,32297.644978273136,39861.821054490494
86,870,72668.41365747897,67848.23125328544,77456.32254259498,79251.99975934197,73758.55049958423,69605.49826683728,60854.103211684385,49183.15049958423,62934.81716625091,76644.77567247496,26065.405401545017,26258.787690741578,27922.566083999816,26806.82237458423,27550.085983455196,37220.23103649699,43710.50503273715,30795.50652052664,37288.58945706023
87,880,68646.63437544454,66623.17967543745,76959.33932817489,78993.09202901242,71395.07580612403,67493.21332281295,57262.102211701844,46419.95888494313,63022.348869147674,75841.85094383647,24749.25907444694,26069.04665614629,26692.311896094412,25466.833114479625,26933.927608527243,35746.87463472728,41828.37526613279,29569.67929139934,37462.59688445679
88,890,65335.2049408191,64629.80737432221,75946.7313271603,76475.77511625772,69914.44178292438,64067.54299749928,58292.23373854157,46674.48926066917,60835.950070217186,74331.51508859519,24567.474548324113,24185.336176666227,26536.199910362604,25540.877245766613,26474.05468615018,35681.66534383468,40489.405345677405,29592.965343133797,38886.14041306136
89,900,63540.77768239985,60968.29092860261,70777.88788417776,71994.55527153399,67056.68645432968,62857.61978766302,57634.842009885244,46537.70880843453,57511.73580976246,74514.36011915474,23570.083745723303,23752.68506181445,25088.608084151958,23820.309082702177,24688.264948953336,35249.84200988524,39985.10966620552,29168.195703893383,34974.268214475596
90,910,60885.57593943604,59380.91974249207,71044.90326845378,71977.08070806904,64790.43909733078,61569.15218774913,54781.11687510856,43094.07439144843,57694.043517220285,72935.63854408044,23442.071076360924,22813.658940672816,23807.427638997448,23287.027086886916,24114.379149010365,34075.04470480741,38633.75968952459,27692.2490190018,35404.126768563656
91,920,61656.81224733265,56907.863319069045,68982.53458477705,68142.13751261744,62174.47514702604,58981.170423679214,54964.202924803816,43499.3418136927,56680.33628883082,68698.89353783065,22502.935769014646,22138.137625211024,23305.360090455102,22341.54076657228,23549.736380316244,32166.91858271807,37960.0484085783,26855.153332017308,34287.556587974505
92,930,59258.7525986907,55732.882194213824,65361.77785762116,66020.85874492879,60911.61400219948,59749.96379977033,53292.84359073392,42250.18839125128,54330.77250842354,68310.42319760178,22341.515756585435,20656.634246527567,21963.0246201281,22699.494648770025,23215.1576982271,31826.109952355237,37646.88927101668,26183.559100238683,33107.772506531444
93,940,56456.73631327144,54500.4557057193,63217.631066429625,61724.84977941817,58202.31734093942,57054.26875794347,50682.06734093942,40919.68988995902,53949.29339987128,66767.60469726127,20675.445140675914,20800.344427003205,22067.52327462179,21826.558810755694,22625.89074335738,30975.718320022643,36661.042988839334,25635.29732353298,31627.17279009583
94,950,53617.0845259965,51956.57896647535,59938.455524988975,61625.33310457481,56732.923261174365,55413.85659450769,50774.68992784103,39444.62582527692,50035.54167738062,65472.408318645634,19302.165709435038,20290.234547263597,21873.17417980953,19955.961857665585,21542.68776333886,29870.92326117436,35183.02549531198,24647.23355785848,31614.198591771717
95,960,50549.62315685852,52357.03740487963,57964.293094304,59884.37611455705,54880.807458355564,54402.03740487963,48250.92629376852,39205.59609730162,49667.383186345745,63705.72706005205,19029.735817578043,19617.03740487963,20780.864403569016,19729.15861700084,21110.526988212965,29424.266320542283,34094.6513458984,23820.7023263456,30747.406761924773
